{
  "LT17": {
    "roomName": "LT17",
    "location": {
      "x": 103.77401107931558,
      "y": 1.2936062312700383
    }
  },
  "LT16": {
    "roomName": "LT16",
    "location": {
      "x": 103.77386420264736,
      "y": 1.2939170885884703
    }
  },
  "BIZ2": {
    "roomName": "BIZ2",
    "location": {
      "x": 103.7755572795868,
      "y": 1.293219182046886
    }
  },
  "BIZ1": {
    "roomName": "BIZ1",
    "location": {
      "x": 103.77405044962676,
      "y": 1.2924148334324945
    }
  },
  "LT10": {
    "roomName": "LT10",
    "location": {
      "x": 103.7720594590288,
      "y": 1.2949157602130599
    }
  },
  "AS7": {
    "roomName": "AS7",
    "location": {
      "x": 103.77106866993512,
      "y": 1.2943718340425634
    }
  },
  "AS8": {
    "roomName": "AS8",
    "location": {
      "x": 103.7721182951268,
      "y": 1.2962459856888273
    }
  },
  "S2": {
    "roomName": "S2",
    "location": {
      "x": 103.77805188103908,
      "y": 1.2954979930016757
    }
  },
  "S1A": {
    "roomName": "S1A",
    "location": {
      "x": 103.778166051549,
      "y": 1.2959208247559988
    }
  },
  "S16": {
    "roomName": "S16",
    "location": {
      "x": 103.78061256634672,
      "y": 1.2968291014586761
    }
  },
  "HSSAU": {
    "roomName": "Hon Sui Sen Auditorium",
    "location": {
      "x": 103.7746254,
      "y": 1.2933012
    }
  },
  "LT3": {
    "roomName": "LT3",
    "location": {
      "x": 103.77340105516473,
      "y": 1.297782788396538
    }
  },
  "EA": {
    "roomName": "EA",
    "location": {
      "x": 103.77040660907785,
      "y": 1.3000611759601464
    }
  },
  "LT1": {
    "roomName": "LT1",
    "location": {
      "x": 103.77131402492525,
      "y": 1.2994778555867417
    }
  },
  "LT5": {
    "roomName": "LT5",
    "location": {
      "x": 103.77135093589285,
      "y": 1.2983045966610414
    }
  },
  "E1": {
    "roomName": "E1",
    "location": {
      "x": 103.77122930564994,
      "y": 1.2984783970979255
    }
  },
  "E4A": {
    "roomName": "E4A",
    "location": {
      "x": 103.77262273463798,
      "y": 1.2986179076481752
    }
  },
  "E3": {
    "roomName": "E3",
    "location": {
      "x": 103.77159127843342,
      "y": 1.2995254509506342
    }
  },
  "LT4": {
    "roomName": "LT4",
    "location": {
      "x": 103.7735183186846,
      "y": 1.2974781271276108
    }
  },
  "COM1": {
    "roomName": "COM1",
    "location": {
      "x": 103.77400841456318,
      "y": 1.2947910941174683
    }
  },
  "I3": {
    "roomName": "I3",
    "location": {
      "x": 103.7755675261885,
      "y": 1.2924530137961476
    }
  },
  "LT7": {
    "roomName": "LT7",
    "location": {
      "x": 103.77108408506066,
      "y": 1.3000819751503252
    }
  },
  "E4": {
    "roomName": "E4",
    "location": {
      "x": 103.771701,
      "y": 1.2988515
    }
  },
  "LT2": {
    "roomName": "LT2",
    "location": {
      "x": 103.77140470268863,
      "y": 1.2993124975071704
    }
  },
  "LT6": {
    "roomName": "LT6",
    "location": {
      "x": 103.77195239067079,
      "y": 1.2987913865798812
    }
  },
  "E2": {
    "roomName": "E2",
    "location": {
      "x": 103.77124098908604,
      "y": 1.2991178380970212
    }
  },
  "AS3": {
    "roomName": "AS3",
    "location": {
      "x": 103.77143809188564,
      "y": 1.2947555513545945
    }
  },
  "AS5": {
    "roomName": "AS5",
    "location": {
      "x": 103.77183677759575,
      "y": 1.2942108118444964
    }
  },
  "AS1": {
    "roomName": "AS1",
    "location": {
      "x": 103.77242463868491,
      "y": 1.295546379598693
    }
  },
  "AS4": {
    "roomName": "AS4",
    "location": {
      "x": 103.77197963582599,
      "y": 1.294627705573499
    }
  },
  "AS2": {
    "roomName": "AS2",
    "location": {
      "x": 103.7715262318452,
      "y": 1.2951959445714136
    }
  },
  "LT28": {
    "roomName": "LT28",
    "location": {
      "x": 103.7811495867657,
      "y": 1.297199706737715
    }
  },
  "S5": {
    "roomName": "S5",
    "location": {
      "x": 103.77963675090095,
      "y": 1.2956297353180064
    }
  },
  "LT32": {
    "roomName": "LT32",
    "location": {
      "x": 103.77830217071332,
      "y": 1.2961400836523527
    }
  },
  "LT27": {
    "roomName": "LT27",
    "location": {
      "x": 103.78090117515984,
      "y": 1.2969925415205374
    }
  },
  "LT31": {
    "roomName": "LT31",
    "location": {
      "x": 103.78039359238537,
      "y": 1.296863036752469
    }
  },
  "E5": {
    "roomName": "E5",
    "location": {
      "x": 103.77203256266569,
      "y": 1.29817763882849
    }
  },
  "LT34": {
    "roomName": "LT34",
    "location": {
      "x": 103.78083854913713,
      "y": 1.2977295044675978
    }
  },
  "LT26": {
    "roomName": "LT26",
    "location": {
      "x": 103.78110405867265,
      "y": 1.2964439980596048
    }
  },
  "LT21": {
    "roomName": "LT21",
    "location": {
      "x": 103.77946703176282,
      "y": 1.295356780941112
    }
  },
  "LT33": {
    "roomName": "LT33",
    "location": {
      "x": 103.78090879191791,
      "y": 1.2977441788622253
    }
  },
  "S14": {
    "roomName": "S14",
    "location": {
      "x": 103.77959245458497,
      "y": 1.296735091084466
    }
  },
  "LT20": {
    "roomName": "LT20",
    "location": {
      "x": 103.77882045948085,
      "y": 1.2958439182978323
    }
  },
  "LT29": {
    "roomName": "LT29",
    "location": {
      "x": 103.78121942281726,
      "y": 1.2970306748465374
    }
  },
  "S8": {
    "roomName": "S8",
    "location": {
      "x": 103.7792463148344,
      "y": 1.2961066770026624
    }
  },
  "S13": {
    "roomName": "S13",
    "location": {
      "x": 103.77905756235124,
      "y": 1.296817787146781
    }
  },
  "EW2": {
    "roomName": "EW2",
    "location": {
      "x": 103.77260123626932,
      "y": 1.2990990325535583
    }
  },
  "LT7A": {
    "roomName": "LT7A",
    "location": {
      "x": 103.77094760790798,
      "y": 1.3004814583946265
    }
  },
  "MD1": {
    "roomName": "MD1",
    "location": {
      "x": 103.78071805838483,
      "y": 1.2954196977993246
    }
  },
  "AS6": {
    "roomName": "AS6",
    "location": {
      "x": 103.77329156180267,
      "y": 1.2954018662016364
    }
  },
  "COM2": {
    "roomName": "COM2",
    "location": {
      "x": 103.7741592837536,
      "y": 1.2935772164129489
    }
  },
  "LT15": {
    "roomName": "LT15",
    "location": {
      "x": 103.77340877469021,
      "y": 1.295522499959851
    }
  },
  "LT18": {
    "roomName": "LT18",
    "location": {
      "x": 103.77460509538652,
      "y": 1.2933049908717555
    }
  },
  "S17": {
    "roomName": "S17",
    "location": {
      "x": 103.78069589858914,
      "y": 1.2977219451351334
    }
  },
  "HSS": {
    "roomName": "HSS",
    "location": {
      "x": 103.77435565311596,
      "y": 1.2931041443946742
    }
  },
  "LT9": {
    "roomName": "LT9",
    "location": {
      "x": 103.7722506424852,
      "y": 1.294968895355766
    }
  },
  "LT11": {
    "roomName": "LT11",
    "location": {
      "x": 103.77139878788282,
      "y": 1.295456827029062
    }
  },
  "LT8": {
    "roomName": "LT8",
    "location": {
      "x": 103.77199079513672,
      "y": 1.2941286739949707
    }
  },
  "LT12": {
    "roomName": "LT12",
    "location": {
      "x": 103.77114846994691,
      "y": 1.2949801946461976
    }
  },
  "LT14": {
    "roomName": "LT14",
    "location": {
      "x": 103.7733578704978,
      "y": 1.2957109058743046
    }
  },
  "E2A": {
    "roomName": "E2A",
    "location": {
      "x": 103.77144811786084,
      "y": 1.2987129222434761
    }
  },
  "WS2": {
    "roomName": "WS2",
    "location": {
      "x": 103.7725319757075,
      "y": 1.2993945870773602
    }
  },
  "E-LAB": {
    "roomName": "E-LAB",
    "location": {
      "x": 103.77876709739479,
      "y": 1.296655722573894
    }
  },
  "S11": {
    "roomName": "S11",
    "location": {
      "x": 103.77886290745013,
      "y": 1.2967319752315645
    }
  },
  "S12": {
    "roomName": "S12",